P2_1,P2_2,P2_3,P2_4,P2_y
5203.701432282348,4647.398495754678,0.8108206631177322,1574.876257895049,59772.2109403429
5394.807385610349,5259.115816014087,0.884322025531884,4873.364290979731,170391.28408326674
5123.29599479402,4187.075202940899,0.458994784505665,3567.1595862815984,125163.07103444675
4999.75427495296,4618.900005539142,0.5894594702533357,3881.872501494586,136081.19508662794
5061.699099032639,4153.707960534118,0.9151529600454997,541.2195897972667,24895.222413773132
4988.366528199458,5059.899243031072,0.7172791328745094,2875.4053937065933,103136.71320163089
4596.974037394448,3563.3871632632304,0.7192845863617903,1093.9521197726606,42077.701947217196
4938.387682934921,4696.682476027496,0.5656489808676614,6171.6791317991,212279.5985243841
4383.068016081805,4008.7292049401326,0.8364971881101132,1455.0057261373174,54451.714549385826
4245.239497453262,4696.305652042003,0.868165044857123,5934.996477776167,204111.7854742333
5297.793857572276,4951.639987357945,0.5856130139812732,2506.029143624996,90874.54556608436
4650.916681464144,5269.669411412598,0.887522533929008,805.4095605368882,34325.93855986782
4420.760247861168,3584.9007381476476,0.7996001207865298,3506.9703835003975,122338.6005682751
3503.507661516913,4146.736435730986,0.7271217998463175,4764.277068601572,163779.9076693999
4631.4416638320445,3720.0321909457716,0.5483582688111046,4660.918162217377,160774.76738554283
3503.894917810204,4545.673903536027,0.5153140288584174,6017.784815403134,205628.7500648907
5385.881233541788,4289.076940980395,0.9112872320985516,2293.740596122877,83645.83039757269
3994.2700416073358,4366.9683504006925,0.7187371970240142,8030.904217419099,273152.0950059368
5307.58080813412,5475.3671136266585,0.7941775731491216,4325.875312498547,152187.43953767477
4973.707151245406,4601.382281072012,0.7359777289550651,714.5874632537359,30796.554806802764
3600.495225421651,4603.92984960628,0.7396064051931803,6133.525541321159,209885.82354714058
3998.1108142700464,5196.601543875149,0.5954421874580144,8935.987428754124,303916.10390457185
5362.995664301299,3808.8250925248235,0.7609063620350407,1321.4629069582302,50638.32062825906
4373.891591325445,4032.57105231429,0.5577401553598212,8775.325346194435,297777.6943325417
3979.9416029927734,4859.6552109640925,0.7720130395951964,3334.566150839714,117360.13638587944
4223.702535369369,5498.476423747234,0.5956637563910415,2674.3611984618474,96008.92721576951
4953.828828245785,4677.348931728225,0.5984444384173374,6287.01007609798,216152.24452430225
4276.325621275595,3530.621864708667,0.7439933763894595,6800.07753873411,231690.9689053645
5488.298377786912,4896.383818027074,0.6615263612882323,7865.51312712688,269462.5522379175
4463.053473677531,4607.743146150387,0.8172055529194235,5013.880770344134,173513.98535382524
5400.399333314088,4146.199346120549,0.8669486282924705,7401.870106656295,253482.94066136022
4486.533860224636,4506.796852931878,0.5558146697141143,7466.4375376818925,254763.3055439335
5334.306519846215,5087.3155448429325,0.8109438179965649,4419.664930436721,154988.06304220276
3696.098083875554,4625.5370793185575,0.5531989742746135,5512.190127317603,189098.42704057277
4171.401791025641,5251.123715077624,0.5625792364081378,5290.408340969491,182757.1120297891
4580.734765791956,4957.027954125002,0.8824681931288256,646.1948065123568,28661.706317203163
3743.818444302186,3962.421021962971,0.8714448092968553,2922.7249051890485,102705.82451183058
5342.6428431573495,4550.8968855206795,0.5359329767175729,71.8301899070687,9465.908944167833
4007.211304998398,4450.202849052329,0.6379390357694907,2105.7263822644354,75945.75411610039
4774.053900185007,4559.991888334402,0.5719136877587812,8849.236977714143,301120.8307708981
4327.974951025343,3619.930016141573,0.5745982365564302,8066.965803485409,273790.6166442477
3784.943096814341,4459.028077804046,0.883766885812016,382.1620797377768,18670.322994652335
3564.270717011929,5354.762131484007,0.5879860397360696,8557.1346506386,291045.6362896154
5314.519870434819,3878.48974823366,0.6728066966654508,384.7646040498472,19381.228082769205
4651.017278969809,5399.140934518364,0.6371848008682017,6114.06580426429,210840.02374019256
4361.667905298474,3520.6336161584495,0.6383149395030381,5023.22659145899,172500.31109312654
3970.155599122569,4040.254392587893,0.6086409643790246,7116.458432456725,242259.53909009098
4118.910947827508,4469.94937130095,0.899030156643774,4241.991459632052,147470.73504876468
5469.636326027686,4147.645209307337,0.5699329033147923,1907.722909842296,70345.83262306215
3616.13205703943,4783.446601244768,0.7058918446677771,8310.780567760723,282493.7596590675
4263.237759939937,4007.4575860304817,0.7290607774491401,234.86325014954858,13605.93584110215
4529.958053585465,3500.803147758302,0.6440193838528012,4543.978107993482,156693.5453981382
5330.5379631073365,4913.851709677167,0.6889147033539416,5123.353239549437,178099.7132786474
5281.583191560244,4479.281679654235,0.7632392406844287,3119.136292214354,111027.21963672228
5128.60240269907,4976.187599375572,0.5795677070171893,6980.788673511052,239664.01399066922
3775.4593539460384,5000.995803608143,0.48482905138122295,8403.056162159237,285660.16329617344
4553.806839042236,3945.5085150522245,0.8243649587082944,7930.279266900236,270047.3777959627
5106.7860137426815,4063.0810760099303,0.8549355924275959,8933.494175785168,304094.72416625515
3941.9493638377057,4568.476022330895,0.5473301465969709,1013.4432289148356,39537.654973399556
4004.0329315312724,4107.403410238957,0.8824264984070558,5519.371804768062,189517.8237800829
5211.822665438793,3897.688437732198,0.7650717046640958,7256.342084501348,248112.3349298314
5103.072290486353,5477.693114359762,0.4742439077013671,7138.910221443647,245252.32840651966
3799.9520156242543,3566.518877674539,0.8790969048620723,3939.900277884609,136247.8905735437
4580.963852594786,5335.948946431283,0.7187361116711559,2874.854813635404,103002.70773022134
4233.711674063653,4014.178511407046,0.7780001969451396,1897.3488791859772,68972.76596108922
3922.870224253132,4756.908869617917,0.848589648677226,3675.2485545981795,128638.47841272241
4578.878420607074,3576.961108016745,0.7976582210162187,5405.149803514111,185650.93765952473
3564.9230660944927,3739.1091035611366,0.5094799902574242,2812.494326596017,98240.53475500295
4140.751149821825,4736.979566387537,0.4861344040692778,3563.8937410599,124693.91996300226
4917.638551527241,4510.344479566466,0.7109881930363069,7897.85453015378,269704.7145957978
4809.184430240897,4365.894652889825,0.9143184037479359,4679.3076564354415,162584.63101867185
4451.445701391758,4447.183223751703,0.6206830724195458,43.560054759684164,7700.814794327039
3749.060594625007,4476.534819973353,0.7290674787288873,6509.993729601808,222420.97448412448
5483.440088912324,4164.36473887727,0.5556107269431656,8608.545202839108,293375.57037097524
4685.316206523881,4867.087374366918,0.5184544757729435,7671.335998797994,262062.49550990295
3523.354115816488,5354.178228675779,0.5110228261945035,7508.217151682928,256007.45904134208
4573.487888710135,4999.633425046362,0.8471847124343537,1775.9724598339565,66255.3573313615
5124.153130110912,3635.6322817709374,0.7266487967139563,6931.851374364052,236940.35723718957
4093.6560767093683,5396.893038047842,0.4828426042488886,8815.247791765229,300043.63492388494
4503.13590100884,5141.1175176104725,0.5202219445417012,2477.6496423790136,89296.79084639178
5489.767349748301,3968.3594672317026,0.8916761368281902,4742.67295256112,164923.32931447055
4076.893695934937,5077.9496226712845,0.8931270893704125,332.89264412628654,17894.066473202573
4493.498752722969,4674.208267739188,0.7755920130607895,1444.973397177227,54775.65492013123
4916.2234456118895,4565.640106806069,0.76641652590852,2142.597837802369,78272.52092566692
5326.345101286002,4093.4091953190996,0.7573674093567864,5235.885112882287,181148.62029720662
3676.7538426916567,4622.938589098743,0.6825459271658789,6263.529683477869,214234.86784436923
4117.268692638938,4495.650605711622,0.7653243668361707,7504.747777260375,255929.53686825038
3670.683687423248,4648.900650837814,0.6823395295829657,8937.144278072657,303237.12720240344
3725.0636817937784,5154.184557225141,0.9108131479128531,1206.5432600674098,46737.66762060787
4975.32157907844,3869.355121467585,0.4949797043952159,786.3170130541832,32216.332644775615
5078.736118613719,4209.4039366722545,0.7251399079216884,2208.4249031890545,80230.47294217805
4081.972390627019,3638.9080417440373,0.7682001033741546,2181.3949708493496,77921.24509485405
4902.454064457787,4181.038724992064,0.7720792108624939,4330.908351292868,150735.99556581277
5226.007070023982,5013.915925124608,0.5914023392279719,2708.677984541263,97618.04488324726
4411.698258150545,5238.048914186011,0.6142811063012343,2179.5178991275093,79490.07513770474
4049.3038505012883,4699.146230572146,0.4712741802160836,843.7121357952941,34022.76161330162
4720.988086477857,4252.062726972405,0.7057519451647319,1796.3335323110273,66201.63504547477
4662.907320714003,4790.781135590796,0.8397125679940125,6221.659529829097,214095.21516788538
3790.6975631111277,4563.525004189308,0.866517825851973,1749.906921971971,64275.25850582057
3504.775196665119,3823.325500870815,0.5121298128781145,8781.527977095298,296929.3269866715
5488.041117580118,3584.3891052955287,0.5148475894296607,822.0552865456217,33635.32586927462
4253.3209690136855,5481.732152016983,0.45381565817617164,2301.4908063498733,83445.68873827509
3543.7569429693767,5134.751075890046,0.6386729394421045,4854.116145220671,167634.2213357781
3871.402246280879,5036.993281040309,0.7082121920420025,5138.502756066142,177391.43410219575
5116.019324597781,3667.215679843076,0.7895297833490083,8868.944886124846,301506.16688733926
5187.146484842186,3882.485961935954,0.497854466203264,1871.6421844879796,68550.26098773547
3929.8001646458624,3963.6447994513173,0.510557553802928,7230.492409284254,245831.3747950262
5363.243127365997,4884.930324086987,0.5386985717934974,2385.2018609389,86796.43469827095
4298.56259194919,4866.990356653483,0.6373345743271172,4019.9496131626065,140316.4387642147
5286.509711591509,4629.953691576642,0.5043470891004855,4964.816662025716,172300.61498629386
3838.0668164970994,5418.190817311247,0.6517962010161309,2128.3982993764353,77470.61162981583
4422.581480381281,5208.943861851433,0.5513691786195357,4816.9958966095555,167180.67920162593
3504.26361144823,5427.252352861178,0.8507839222168028,8579.532890608498,292109.31956602173
5024.689631654377,4537.05118894636,0.6894411404592633,3231.56419638186,114499.6570278763
5190.23376026976,4549.598132411778,0.4857275673093043,4386.706986963286,152873.5725165013
4480.2721231366495,3830.3102787875123,0.5301887836858354,1965.0585228170817,70993.36474642
4760.711277011685,4846.344226240885,0.7662936315747495,1900.0999533006907,70321.76144669618
3995.754061588548,5466.772786042959,0.5964044352324072,8506.8181454446,289885.5409715197
4582.070562101913,4959.590594438236,0.8337377623434963,7743.798819357794,264832.3355425817
4184.821690331098,4468.620819101851,0.45139719754141944,2339.3828841137106,83687.15415082402
5102.891978702872,4657.783102162208,0.828948559702892,2626.449067336762,94708.5438561284
3656.72489390001,4137.137153261345,0.7279978025239661,6681.804116360594,227732.91197348508
5452.3275768209105,3709.92995799763,0.8880840574772547,545.3462601218132,24945.070918527723
4876.669259239738,5056.068246759076,0.4859719514806615,1936.642778190845,71516.78588100363
4363.747359963003,3950.097848800321,0.49054161465711577,5145.0916815323535,176790.46565745657
3992.3759580141186,3712.081666532726,0.8192533273786977,3784.3336191433673,131315.8673329178
4001.0454328645937,3600.1992711185644,0.7374059608002574,7765.301185027225,263618.8117059838
5345.64622388606,5294.162216822587,0.8787696308298649,1262.0624326854656,50180.34829522122
4069.8522204578608,3502.116527406526,0.8177284087990639,3076.271228148832,107622.40037947327
3941.4466050964393,5209.074281483566,0.6067389249475661,5312.3795981994135,183286.9421096814
4042.8022432566095,4396.8694258881105,0.5877215906599444,5530.880997385748,189866.679353842
5403.774824864777,4937.964279488368,0.5013491014626168,1014.819026334498,41231.09310549744
4455.83666449716,4841.806523195691,0.5797766512182433,2591.3683116024704,92825.22970522373
4091.7587263978594,4344.7641401196715,0.8515791361465636,1857.844449627912,67923.2428796293
4836.305998689655,5423.918670945483,0.467205575837345,217.73317298816565,14594.69137580528
4676.588748257556,4059.112627828129,0.6161697743407666,1736.9035461666417,63896.809178490024
4360.828587800491,5023.7857638500745,0.822702939413035,6684.87080054859,229431.73789448634
4520.915348749218,5246.172431897788,0.8845212623041966,5809.583180828674,200729.51426841598
4389.900352583838,5024.490107476931,0.7748972091926442,3337.2418229829364,117987.09676321824
5379.713153673626,4448.292079218486,0.49327284302175456,3286.7771632632,116354.23173461908
5172.703489326619,4381.942843429177,0.6800138349854477,1544.7175518025933,58337.88996564653
5023.985298159563,4815.323741475264,0.6423707415341601,7990.745049040443,273102.06295983726
3988.501082575049,3767.9244882828466,0.802949055310445,3880.095602769686,134533.10906606357
5088.140665001269,5163.198595928249,0.6498841318110685,6071.939350796268,209635.62369704468
4580.935313209327,5230.628943871531,0.49536195423662255,8801.994029343463,299911.9830893393
4668.090071635306,5035.207590062402,0.6583025871928131,1809.476821287661,67271.9630651329
3505.4954468629194,4005.7918799404424,0.5982368968416913,7602.085765576157,257947.41311123336
5109.9099180908715,3713.531916113655,0.6518783810296629,2686.938282139847,95633.57109008942
4863.703038021957,4520.270493223338,0.5705161234336241,4537.786172810401,157670.40456948886
4773.9401106247615,3549.616819634155,0.6508717774436863,4583.677083202867,158294.81404723914
3703.8680421658887,4807.1977105459055,0.5561881691777524,5839.367034659701,200169.30634912007
3908.161870370587,5159.639025729488,0.8746908698076514,4975.216948004327,172299.8117664652
3891.8428193654354,4072.6028798509246,0.7050640367112446,3426.720211407025,119527.21714321781
3758.4786297577184,5075.959022908523,0.46877493259279635,8235.41100527476,280116.7672586252
4401.416398216423,5391.608323506297,0.7715613360359884,4690.815278229284,163389.46514211126
3809.3357904465524,4476.955200859551,0.7495444984214584,3156.861563277421,110901.44107189965
3768.210614222881,4830.033332658396,0.4887056610533855,6238.9616590063515,213471.3969732017
4801.739607533991,4477.148315196906,0.7715748122044184,6008.860838021548,206766.8836153105
5270.238102158426,4636.112855366277,0.8117698253549956,5255.623346323803,182327.6287209674
3555.7730024385137,4698.9822267906,0.5078023620537058,5653.842369923653,193699.63718339018
4082.8774278203355,4967.551462772319,0.8464552103723975,184.23833723591386,12793.705564781392
5444.281742412489,5112.220802494056,0.9061882080830748,2982.4616505470285,107390.80449618988
4147.8421629194845,3778.4551631333584,0.6766838028964235,3036.6416339066823,106471.63729433205
4266.9801300685895,5200.86172615629,0.8960122063901468,1116.849763260521,44280.87541172192
4707.437404349657,3896.8338411566447,0.7865548677725199,7762.577513335992,264518.3718992995
5350.924832763275,4270.367372748229,0.5192476842550353,8099.185448592488,276357.9859905874
3970.404134540723,4842.667710062019,0.7486377091894314,5508.865741120474,189673.59135059413
5496.732514163677,5013.563306242138,0.5665251951886308,4214.6287775351175,147960.87848857633
4226.825811864775,5356.513926595218,0.6914556095295994,4898.561451549403,170015.74112858405
5169.950473240515,3634.9117472537773,0.48762165115374684,8335.885377051312,283433.40403224534
5200.535396272493,4105.899586261305,0.8049888422262164,5525.004040818509,190721.92308248792
3840.0684692248765,3526.034856349359,0.6215358672543774,3174.6868552898286,110479.63350570858
5302.842167051984,4242.394324467074,0.480831619332007,8954.225216085779,304699.8054330916
4005.9907878170916,4562.744774632242,0.7894503391724245,4583.252132950349,158683.9870661025
5392.7786528361485,4799.7317036314325,0.7616326093467329,6329.895648673,218290.90943696976
4781.394891147482,5289.197768367731,0.6880108050918154,3872.6727147208467,136318.1232785764
4973.2368905684825,4136.124338079305,0.6328855754397551,6392.794196449205,219221.5681174952
4479.700455629583,3863.9181783077706,0.5532908688502401,678.1830371832243,28221.35355055966
4873.196531001945,4407.492701445641,0.8820585702823978,8453.144579936725,288246.9679304253
4973.236974837892,4440.4792298127995,0.7424144164247994,2783.005616260465,99493.97508503
4325.249170259337,4975.997085765965,0.47673247236017247,8861.79710520515,301404.12984153285
4559.490670250609,5312.497808845873,0.7683876253296433,1018.80895836862,41245.43127045515
4181.063912074887,5395.7784925306605,0.7726248970040706,7569.919785799243,259013.33102714855
4374.741344662823,4701.3062406793,0.888946556065439,1495.5569788410644,56506.51572207232
3986.6725310499955,5278.664793199108,0.74191165804252,472.9914941185089,22486.28166956591
3722.4123062993917,4576.043483547686,0.8101011593658467,1222.6103481432713,46608.54848554419
3609.937830711491,3597.797614464826,0.5838076990385507,7861.60211003544,266280.75992723345
4189.133058566678,4769.581861733873,0.5806779407795739,3575.1581564561716,125254.0193640549
5246.621790048738,4446.4729304527955,0.6289285090441844,1095.2581006818552,43448.66181289645
4200.222300590953,5358.730823858046,0.5815572140126387,3420.174163926984,120661.48451175254
4538.687798023162,4151.501368350364,0.7273407893548454,8671.439848571517,294781.60971093114
4450.173639088999,4101.118534728858,0.7482847099121495,6686.663109009499,228619.03608965356
3628.4240210738676,4191.539505217322,0.4958932820642528,8329.312438046243,282320.7908299698
3741.551488629538,3966.681367376843,0.7090496518445228,8246.700232557077,279712.30317998043
4224.332909894827,4104.6444441524145,0.7140310290551196,3321.9526185246045,116388.59612349149
5396.768049942075,4347.856879452008,0.6777143750196432,1150.1218922723344,45377.577133573555
4814.428575205522,4197.724476107733,0.6420510942786917,1508.4876813790786,56582.988210028714
4022.227831077471,4945.1761486589385,0.7704530450904252,8829.893916650954,300374.4826161073
5107.688582420951,5453.899983790445,0.49737072848497443,6326.443608556757,218220.38011454206
3578.9858916318417,5299.013622125847,0.5915529970560285,4972.571937374219,171708.9055170439
4611.22760803125,4343.110989969994,0.45760817933152076,8244.725382834666,280513.6326921623
4651.7098539061535,3855.6291881025913,0.7965782321777286,5806.9696009248,199352.83125354332
4761.507956000857,4443.452409786462,0.8128541200941211,6153.31407159844,211553.62999643237
5262.259026180918,5014.654075064749,0.606575712767011,6752.041637040896,232241.8967672224
5347.486539672359,5167.607241707468,0.9043135410147565,8129.812195400639,278666.16888496187
5223.1477750450995,5356.76963736575,0.8478001691144725,8824.284604492548,301776.8965726305
3838.7146153454355,5234.764678247442,0.5448472937011672,1995.0032656804467,72734.46305141028
5352.713974896258,4805.72899587647,0.8258150861228334,3560.4910066539683,126162.22246324742
3537.8232233139684,5034.568830281505,0.5129729320000853,1315.4953274465488,49615.308250270675
3958.3826358620754,4250.738629313307,0.8362353328427394,2184.2242476517445,78555.96255362289
5330.453301987486,5026.264238032141,0.5438876436244346,3300.3485307541796,117363.11817965009
4340.124612546519,4726.320422964271,0.45007876856879886,6786.77359477426,232090.81563534396
4925.773012324494,4412.382286678052,0.7764358343009953,967.8779053770967,39051.543807216054
3899.9976344956067,4486.321736406873,0.47382412533674306,2229.1794874049488,79798.48267114496
4805.828439286732,3796.5539654855993,0.7762484702451091,5046.381492958044,174102.16348101138
3724.031391800073,5316.432972108852,0.9035437874828649,6775.381388382423,232223.820527872
3848.4097591862383,4397.475743350214,0.8516049846336444,3182.180527322375,111824.35268020198
4946.292821796207,4087.586719332262,0.8798271847911687,8278.681315750926,282204.43784617475
4073.7525060515113,4866.139485958438,0.6940305608635258,7317.146751243713,249911.38490281548
3780.331942049457,4611.0069663070935,0.5666369337471544,4238.002309957046,146770.94445521952
4289.115389349247,4866.065804992182,0.6054148473623449,4926.183628668628,170431.26722774265
3979.460063656109,4355.5436406739,0.8099276541599139,6147.396588034861,210546.55494542274
5165.440751550639,3892.320033301132,0.548057477672223,7533.818774595322,257047.14412777792
3872.253530264057,4041.3763804854584,0.6756976614571186,8023.021692703687,272420.4843200378
5036.365342184117,5161.635725013319,0.7129626013415383,3524.840375040953,124886.55762180667
4298.059066132291,4152.55781121049,0.645550494049627,8050.282902380667,273791.41226591036
5081.269561708417,4775.639172073554,0.46903823492512975,5168.218643956404,178976.4974264161
3610.62113943919,5377.134645845201,0.48629467689752787,7305.941646074998,249348.912177316
4364.538998880802,5107.794318521387,0.594804308964903,3492.56472812539,123002.03093597804
4521.820174007493,5125.215804291218,0.4683850152876621,1585.8916105271278,59559.32505913498
3503.0576619867766,5182.415084669058,0.8544875273209169,7632.903954457791,260376.30691710536
5327.435694550372,5446.219399707425,0.6275368059889019,3614.287390428872,128301.37717965317
5072.9908294277375,3779.679596481541,0.7814415581302321,8684.584599983633,295426.8096519102
5441.137798825594,5280.103428521325,0.8833546701507987,546.2199171669968,26435.948664394695
5049.830681223275,4884.681583038913,0.4509624318009202,6822.442772824855,234084.91475141287
3614.324209376303,4477.819758972096,0.5097561779470604,118.64659338931475,9324.715062013622
3763.7234287348692,4510.998795730113,0.5448221629065421,2488.372413772414,88404.74180594583
4752.4259764418275,4009.7085544341444,0.8725868888857655,8491.103640679183,289013.12016301404
3758.0174421132324,4596.268714058132,0.5005877728200356,6709.053357574288,228901.26245233853
4533.938074974611,3956.0150808997187,0.7965966474407168,5313.255707192207,182906.32920073412
3706.9434188604005,4135.361278196547,0.7662101733402705,7707.505514045709,261959.92859949335
3564.776141078231,4444.8358190302815,0.5638742685676715,6796.5448315307085,231565.47764497568
5254.020932491405,4208.266953000485,0.6714413481895175,7208.877539219329,246755.16586901923
4267.591552924854,3979.3170726728467,0.6631493289991632,8489.267774645345,288231.08313697967
3727.02113302727,5122.649096715221,0.7558510650911199,6123.897884439177,210189.72876881657
3702.1982550074163,4644.89363908274,0.5671915098648527,6243.485929161197,213477.93649825035
3912.7742047031747,4841.966066034566,0.8636924587968849,8196.561925665541,279205.46870615415
3785.1307151108695,3829.4551273505444,0.8124343573104443,2584.1515274661156,91281.81610542872
3784.213209467737,4506.290138847458,0.45575502841657517,1653.5203849868835,60529.82845595332
4562.872305442326,4331.422329332915,0.8513179683922124,7968.888177207272,271735.25338870747
4432.054530940606,4467.649243672338,0.7034705578881367,6353.789909008617,217816.37360153586
4076.151926353995,3585.502816997461,0.7061638145540563,3634.7964655790583,126165.9570927833
3623.305486658581,4112.489160191214,0.5780473691324528,7930.455414988797,269062.5598762071
4286.8946473981705,5016.890955887602,0.6196511054074991,2404.533280426407,86661.75012283023
3629.110982163538,3698.492900908323,0.7237472248120848,5219.645380031989,178626.0477954079
4836.432810979066,4786.965179587684,0.4612297856505678,3236.9815183895957,114475.47443925234
4096.2708500238605,4144.2577267394245,0.4971682427046728,3497.5201012279804,121898.49727157413
3542.423345545431,5091.052282415173,0.4833353756088895,5539.9808467196035,190238.27492330177
4360.155366547989,5478.257070252457,0.7547950601647366,311.14342600506507,17648.17357673135
3837.315043746323,4600.246297103801,0.7080555928954931,489.2084719872038,22209.932161664172
3616.5660947618226,4371.721308890038,0.45354206868170177,5237.071806690031,179513.6811486767
5131.820574956975,4548.08398378334,0.8598073112506668,421.6030777155636,21285.80292157793
3674.1256473055714,3815.464732815492,0.7270748233730138,210.2873644243705,12059.29481156223
5176.497124984815,5412.7455119459255,0.4643065930767182,770.6722669537545,33298.91167838725
3680.6354699045755,3970.269671705755,0.9018116736396681,3154.284133064313,110396.90167727484
4607.301944403407,4121.989164036688,0.8184789365152298,7742.0585793550235,263991.60551252525
4220.270519864842,3835.6941028940755,0.7986421263367639,7759.142555087826,263909.4001876775
3743.482527259036,4457.087274313861,0.880761865823474,8652.046586584189,293866.09310845507
5316.487281620228,3875.951980072129,0.5699623687321297,6997.7319368306635,239354.87559848494
5025.614214393608,3950.611167275687,0.7829544798972132,8925.76746689575,303572.78546210786
4406.755818292462,5068.089105850634,0.6617317217148013,5574.192712845029,192362.86207534507
3555.7656251104304,4208.031081403713,0.5804892343754782,8411.142131827359,285090.6523972893
4878.2164727891195,5030.120227332198,0.598866164586242,3474.7398305769375,122816.30364302735
5105.57433484392,3784.6492398960618,0.5967417581480323,4939.57223659158,170605.06440118258
4516.925277862379,4531.608512170357,0.6873688721277668,2505.5956709695633,89860.22569134187
3847.517912371083,4173.1666125100555,0.7975513173131827,2249.1342322276214,80495.60887912402
4036.4692344183063,5396.766119316751,0.4741395792437453,6883.084228949377,235673.95036904543
5487.354617845251,4356.54928064305,0.821756651680511,4146.611858595252,145366.93086212687
5109.983095062722,5028.982578682169,0.9121924268556738,8555.835767396642,292503.79861201317
5102.427700614826,4953.055647747829,0.6463360985738672,5408.373730702372,187361.86922581075
3508.377560385627,4148.5670206802515,0.6183400861282379,3083.5387380078428,107721.01435833292
3785.014583490465,4585.318876745743,0.5449438141343246,6261.178595636222,214061.4378878429
4056.8784681514967,3569.2353943067405,0.6488805755221794,3709.178382052207,128541.79420386534
4651.544825070834,4587.815991959381,0.5772281867045878,4339.957985803054,150961.33518997172
4715.05243685462,5237.748786652704,0.8218636808067069,794.5038091186905,33915.59361461169
4550.901615782941,3683.163679004084,0.60339027985114,5628.261367827613,192924.43024622274
5304.431173099883,3525.5138947095174,0.47619112030542565,5233.702386504333,180194.37645393025
4414.226543939709,3983.5519161164507,0.5001293119299031,6072.840220330877,207757.2330825854
4936.280187005128,4024.9245157655346,0.8372687053455574,6202.590942665951,212989.99145331446
3739.705368387812,4711.801267238425,0.7550308732966944,3313.111827474051,116264.99225379764
5090.372763367831,4971.035005644002,0.8457056207791833,2607.349560571104,94375.26947038842
5138.449636541117,4052.56174802614,0.8886763490343341,4309.707547222085,150263.60305354098
4073.8073661975814,4056.3230858796246,0.7060498434777,3822.101909579629,132840.62763137426
5471.045028390486,5239.2734892429535,0.8783399034944857,6444.042241382745,222711.67919782514
4870.758678434472,3652.128137114946,0.4578085834751656,2115.782002928868,76119.37743352877
3623.200167483967,4023.70352887889,0.7868011502154377,1154.6061899917781,43706.580238750124
3905.448975840009,4782.053798460088,0.6627403406074317,1870.3864969755905,68360.01134387244
5049.603298776699,3742.3491631009315,0.6723521558280805,5443.049090102625,187357.8243106614
3622.001962077542,3713.8233782613415,0.5791959983831616,874.0005766792489,33833.34559991839
3918.190902697168,4433.710445609934,0.8996063812799369,6261.558856000815,214467.30132736548
3688.830359670273,5160.426571841892,0.6870986523385144,6613.4036705720955,226401.88883802143
5294.965971003888,4123.669664197615,0.807416235002408,2033.283429835994,74616.78435652968
5436.466393682369,4439.868206358355,0.7822786640675221,4504.100833882858,157250.12729283224
4146.170589831384,4609.541438465901,0.6097516777713468,8532.678429824578,290094.3097900923
4551.909006916505,3722.430231634626,0.8503257468663242,452.09028924323104,20975.48317686903
4353.937878019113,4659.738667420983,0.8933566106950507,3924.884142803612,137306.49921992602
4917.231894652435,4527.010443897677,0.8999174071964053,4379.556258296975,152843.17128589205
3956.7427464022553,3557.309596138369,0.6898996674497866,5580.404856385105,190764.09196206552
4518.156303707224,5164.140969083917,0.862627363710851,1084.2217369729651,43354.08105275167
3620.614413260413,5459.355506162819,0.6806454090768024,4386.318461963403,152490.15356836477
3567.6557980614143,4041.7523128229177,0.712247298145819,5342.138906906177,182955.61956586954
4502.627067970165,4815.318094373964,0.9117032489886485,4355.921833564227,151957.60146931812
4500.070108185471,4005.4469146350534,0.5250243350042121,6643.389153545658,226875.2693757739
4971.10572494066,4716.796327441565,0.5715343109878215,4532.434513804077,157777.9222412283
4454.86485764045,3961.3577337603333,0.7067695809758738,205.70568563320805,12743.28560724416
3810.3544418636366,4115.8073362282275,0.5226894456185052,2932.526847033427,102832.56891949924
3839.444354002318,4487.286110549473,0.6845310983218663,3120.4410216752067,109651.43302326786
4356.643505247742,5353.557695879216,0.9091537318543965,3202.673886871051,113943.411835904
4846.216205945347,5379.023462855701,0.6107880520703719,7663.202716866461,262529.8677347061
4258.166910807082,4225.019279110583,0.7516379083047076,5413.202257080843,186178.58637508235
4981.789986305519,4782.279548209105,0.7085347586368644,3406.0827204332904,120521.25976896472
3506.7437337462616,3811.9287528382574,0.7050862518111285,2253.055920877213,79863.11047396025
4111.456381277047,4521.467753868228,0.8238633503190838,6564.329266631937,224717.42182757016
4636.667629049569,3734.092762245631,0.7923854061036769,6483.4021648547605,221732.6658505859
4585.762364255668,4641.583322430071,0.4500925884084433,4732.689754037305,163873.89222717882
4884.6275367643175,5328.986896273996,0.8275908390422635,8630.21732851557,294954.858985623
4585.011974447081,3823.8373577551192,0.9069443461639843,7572.88413737735,258162.91874361935
4236.335992866372,3568.8984615662102,0.8724267788646007,4726.990380655435,162842.66374084126
5270.951366682484,4610.645526758983,0.611681087052635,8272.328877903907,282474.02600168064
5362.08165887033,4509.4044814024355,0.7964526829280268,4806.833677182908,167338.70907377935
4343.3764707733935,3924.1121403050497,0.5067838551228531,1764.1311939155305,64240.39395100467
3575.149925865382,3725.2794389307273,0.4828812343434895,3289.26691566586,114074.04039851927
4078.876381549342,4313.430696591682,0.5341203022315414,232.3453884886007,13412.501118561844
4487.79521511153,5076.244003030354,0.6451008904084887,185.48638639896765,13078.534081850275
3614.730554490273,4503.506906095507,0.8567280000506303,8103.4185100658015,275503.2855972138
4387.81596005772,4689.230233429166,0.654160625991304,7843.061798606014,267492.7263848634
3858.1224703269418,3703.3033265918775,0.6035870657841222,2429.298168690672,85834.11759670067
4541.466709159467,5216.155869809271,0.7683202446010557,7214.432695375217,247341.5743118653
5291.715688599612,5033.4834771739825,0.5335382653015149,3462.477422117761,122718.31688601966
5181.7247610018785,4004.8708077389597,0.8178514004436007,2410.876240723068,86979.33032410433
4291.436952844069,4610.71374794537,0.5150134111666574,2681.522842313973,95380.89726404128
5173.668982646045,5086.580557285748,0.4934388026665587,3169.2312570735435,112852.39204379817
4100.981550762593,4175.59275063159,0.8313426757005069,1025.3068092040999,40040.20691794343
3656.4211578707627,3551.3217437131398,0.8478076157333435,3889.413666031721,134383.93207487633
3961.905842498471,4269.617539898283,0.6009440559786405,2046.4462769066045,73717.87743409071
4067.910789873914,5445.591255684807,0.6937624488782674,42.2724024811302,8327.605306626923
4023.928779992477,4024.2753274195675,0.7887773263216402,6421.251691695396,219365.70329208442
4640.547509773692,4362.154921069224,0.6138124549771794,2564.979367027753,91706.00383560052
5037.410095631742,4605.852381495126,0.6730917848258253,5237.16594273183,181307.99855269518
5229.310566574741,3512.4736078721144,0.49518920674830164,5546.211450128899,190535.6338673431
4660.678267107496,3921.118221171486,0.5897672217259905,3638.446137008006,127009.24856836138
3567.667516207047,4911.60804347685,0.5507971206688645,3789.807214034524,131921.5834251026
5432.190223059564,4945.105272563027,0.6094481910659737,6435.618108084701,221805.8079951191
5369.0677640725735,5271.8662404083,0.8490999228559911,1369.1117473920888,53709.05817012365
5420.251401845489,4853.841370396682,0.6982121404025925,3307.111489081006,117688.5176641908
4900.45298337678,5125.398249680307,0.5437266910190082,5829.394629339755,201230.48329111916
5181.065491605235,4938.501782539067,0.45718874769024564,4080.9459966729323,143021.40195741333
5155.417169914214,4765.0561100137475,0.7962406410628287,6741.544438969423,231779.2543819403
4707.823727793839,5117.30170600921,0.7283905567543139,4900.912167947272,170357.35927229695
4704.730313305713,4977.776370779094,0.7941926426981496,4538.467466881,158236.7868588325
4747.053879190434,4056.501599694444,0.8416026179367864,4314.655642842092,150014.99556108462
4650.348912580968,4038.312155450978,0.7666014297512396,8314.889563413866,282957.34889639594
5275.109842923679,4195.405716975918,0.812951171199656,4242.134446846603,148187.6234384203
3921.6435756122005,4132.762888842164,0.6689405037316186,6791.887889329566,231569.32655104078
5027.343013661481,5451.7390534610695,0.7156672670557247,3747.411538364706,132561.79790023717
5179.90353895398,4446.917287900354,0.6997230095430156,729.7653960381161,31305.33675636492
5281.230728886602,4324.071920686654,0.7928031372488007,4753.843055706336,165321.75803682607
4294.22909721378,5092.540615892888,0.793005831065758,8592.28563550815,292882.7700902927
5368.087986546649,5208.617367629353,0.5300861149269125,1436.8621640791425,55532.730672242564
4001.3954117328303,3689.5239734928805,0.49119587094885436,4683.91635482719,160861.53112394555
5403.628270623827,4000.6417261990614,0.5619532730028372,1778.7972294803515,65846.2547892828
4010.603673754145,3564.5948916901093,0.5199579437345354,4924.037379787875,168777.6307291508
4495.821959059259,5215.38504042878,0.8419977647001157,99.23844743041656,10575.346857793886
4121.761447364462,4342.913172749904,0.5004322609949768,5441.857308699944,186824.80990049412
5385.013053269891,4719.1828678640495,0.7821543424641108,3350.532984653486,119071.95696791739
3803.3986963481357,4415.518996437849,0.8312165153207417,3301.2423660557147,115738.61811599086
3563.78275285118,4575.561130526756,0.5345243092933412,5627.6833705068775,192751.35878089815
4568.409181830418,4798.788381683597,0.8075563371159472,6622.796548660968,227328.2597819765
4656.897753786929,3595.857205646458,0.578668691363993,8619.667393398675,292472.2374764344
5370.344875852179,4397.458851966119,0.7678078303211746,8144.242520021057,278283.85833153944
4413.172974880043,3528.7541814855504,0.5301027372365656,6057.389674184116,206848.9068288356
4190.606955385332,4315.930728734284,0.687852291263356,1589.8573202898335,58877.89493530917
4768.057746784136,4226.5408894038155,0.6696991286232046,1613.5737304072532,60096.59170125614
4494.926863610761,5179.121982578477,0.6517882397845429,4189.259686352255,146443.88336320565
4140.467549884968,5027.357113596716,0.8349450283090634,7640.95394448316,261065.61948682115
4220.810624817309,4004.7542597162287,0.5497525513169629,4203.304686929548,145433.6754536
3918.287883597956,3872.127605946801,0.8403204275180634,4597.128748088694,158474.05072590205
5068.019761797986,4429.325782042901,0.5076693136909605,747.2561262856727,31543.951506805035
3961.552867782447,5039.891155786502,0.6349514886593456,355.0180940284629,18187.55246213222
3902.449224713925,3997.257979723912,0.8085298552707274,2910.613400014995,102409.2536982072
3647.1559785203976,4143.874050839666,0.5485701335865665,7201.71833641156,244825.96005123062
4334.568765673299,5098.96278551893,0.5055861638666387,8899.631806309319,302821.2704598041
4348.394783375672,3685.888208834887,0.8601313077979852,6130.77249751754,209762.85111021253
5163.462941805652,4241.601002165386,0.7224134651923301,5508.136656439304,190157.94583145648
3651.429501230897,4816.780259014982,0.5443685157097984,6947.259193868902,236989.26631727282
5397.324989976305,3765.460378194866,0.7527340283481936,617.2998847885482,27183.945360154252
4431.530135480316,5287.012359956286,0.48138184598994793,7264.991443335952,248655.4638118917
4776.1506859167985,3765.453383170264,0.6204369399931327,3352.0021667836922,117471.6191328527
4587.302650916172,4095.571810191305,0.623421457964328,8727.412993618913,296516.26269343897
4325.32422431949,4487.206215914208,0.462473094273733,3000.5656876712496,105853.38883812557
4029.1982694321405,4484.8789970066355,0.8240145939182414,5666.759449751065,194734.03188506732
4272.490069560985,3698.636350292877,0.7249750253732132,5295.396009557835,181744.3529988508
4186.414033693707,4208.047782862888,0.8707243955255781,3808.572466077055,132828.7995555545
3739.3540751125,3961.027236483994,0.8363137965521943,6924.039834537924,235831.96393336405
5262.565422955318,4964.5322678058565,0.8212977526949548,2736.6171426159435,98802.59637646057
4239.079590585287,5063.55092307135,0.4587386296234805,1330.1865512039565,50717.69318109394
4476.682161395336,4381.4185974676875,0.6854204018740804,1870.8254353225147,68552.972699469
3755.243417173428,4477.634033446887,0.6128834502980169,7644.0376608775005,260036.11669398233
3865.2684872849613,4638.751052144222,0.8464166403247096,8028.248721320789,273348.70896113693
5419.99120551282,4771.193085000379,0.7643627101738824,1654.998452250001,62701.66766358853
4414.075476051001,5124.228253823035,0.6511794053736836,4305.629532263849,150189.7466945706
5472.2641241758,5084.11605551746,0.47025439420243587,5143.0730600776915,178793.31114736854
4074.7003138707837,4750.929390070258,0.693525227924916,1857.892495441666,68107.17440158935
4587.95460103906,4843.9614362645225,0.6237735588560254,1676.722529170539,62559.27470070061
3610.109816337261,3666.8270224049475,0.5411859032008619,3521.9626817689145,121863.66695102437
4490.250615002731,5271.893956078071,0.6789683289121938,2002.513257620208,73778.69034998349
4986.6600081117795,5193.3798909503785,0.8288910504330487,8915.918103909124,304431.81208640884
4664.158371262155,4866.3740148967945,0.7884166538685702,4173.560600817254,145942.4980718883
4069.19188650085,3856.9937824312437,0.7344010869211222,4784.568591079724,164714.60575266695
5476.925946127267,3505.6853744680307,0.6049964624910021,1756.5247202824994,64757.021079271784
4077.7118053428,4566.812958466251,0.6142687900217519,952.1063268240779,37698.1539529163
4786.631140065276,4239.457290614308,0.9140901354905331,5605.648086209856,193275.0810438753
4077.5253026082255,4641.73957698488,0.468222303553029,729.2430581821347,30181.570756531582
5324.0117576888915,5216.097107481281,0.4803190387694216,2574.159768711664,93292.93392632887
3741.749647672131,3639.3851711123766,0.8799647825655863,6777.108591885613,230691.9914717877
4671.074550764446,4290.765951413541,0.5591779217799915,538.6649881757437,24163.641434669436
3971.4753877300464,4997.925291085324,0.7961894070833037,4250.263648903435,147986.9499589145
3810.6793955004555,4978.042108285655,0.5941051275072594,8486.095710907484,288562.07804162515
5254.225146797477,4871.680698189688,0.4650897922430296,2893.930260451866,103529.1728938991
4011.4947239162802,4888.1906969157,0.49098046333530576,4707.692985051869,162790.31111537304
4004.5614301582414,4185.6573145290295,0.8012014372993772,2193.4487605176764,78803.67305742137
3932.257154877949,3722.6633324272752,0.8469579390592907,6036.755927046274,206267.7598375406
4459.421027327013,3858.7416030234263,0.817663524089913,6513.3485255375035,222711.83393759243
4399.670864373429,5140.725278241518,0.5748088118219865,4096.289657388132,143135.81973361757
4098.368383759278,4535.165817921385,0.6381193748976663,2282.409342974709,81990.75876063923
4686.041438887004,3777.415559569862,0.6241169202385006,2729.3408448480286,96680.29612882619
4589.443837989802,3650.1599563420964,0.6992001000542997,4107.855034186349,142438.19840628
5393.237470915843,4242.787185750692,0.9175526827330271,4347.054632136043,151955.18043103954
4406.934697841471,4011.475276867428,0.4898791326499842,8601.438662858272,291921.98931706615
4611.5747991298285,4859.813090306039,0.8363821172703152,8400.700877589563,286632.09224975493
4664.409357756353,5218.630329515485,0.8846592344489148,8494.014747531965,290180.13668511447
4383.649142397618,3693.1857908691295,0.6452537560901364,3617.179062339188,125894.91397141422
4165.114715209507,5176.64422144427,0.6541848232672178,5359.571056898566,185089.260381193
4778.588877762826,4527.349936350779,0.5086605913327875,2242.357373852924,81129.50989185566
3582.3811291023694,4926.414085089771,0.8427469262218446,2029.2185430950371,73692.50131737415
3647.933093199338,5160.21126009738,0.5910882362462343,8048.920570952352,274029.1065019818
4234.1990372042,5452.528707974941,0.8376623293823215,3068.4602949805503,109373.27392214185
3756.5741433528265,4986.978627805266,0.5115215355584726,1603.3671190220216,59352.36405107817
4085.5222915701434,4524.4605133313,0.5152813977625238,5019.528787243664,172923.11804185226
3757.0010204795685,5093.597642429233,0.6039819979366416,3386.7740628086212,118915.95896526029
4270.2841415088715,5194.33486306326,0.5202140804975417,6471.051557217694,222040.1685955364
4391.918502693613,5400.499309513837,0.5964138428255555,8838.25264289002,301220.83812812576
5256.137062959682,5068.08915525228,0.7443898477686208,8049.0983097468625,275615.62347773317
5451.195508154325,4630.31794489035,0.5960262577387305,1437.3226255604984,55157.425996078084
4073.101499169685,4037.801827456156,0.5671191849630342,2191.6257903038695,78395.12715632473
4808.22815116673,4742.1065432871765,0.5230759830214308,5950.449216054865,204789.08629356595
4057.8097602852536,4794.957434278799,0.8497358429557322,7464.522897122162,254915.82518702798
5245.95903042291,4873.8278847230185,0.7842218169857171,2249.201029591819,82436.29711968439
5042.705281852407,5178.1045229418105,0.5813651823640356,4060.7298149256594,142590.30143667932
4380.705755107725,4778.289406875318,0.7191330647636456,3043.0096045129867,107889.62074616567
4442.421205983982,5005.607245439382,0.8726313960268404,69.91397622405458,9388.042487345316
4693.207954355842,3651.4528179440563,0.45876138622203866,7178.143593082343,244442.06732737646
4079.99224844948,5034.867625123526,0.5715860717069857,7991.470358434255,272376.4384018597
3987.2006663898383,3555.769385016462,0.5993675197153958,6153.603382606066,209762.63265028896
5348.832205150564,5453.8113638107325,0.5966027002949026,7969.798334761795,273253.1306699204
3502.5456189541696,4156.084894751953,0.8232296154380664,7983.785796611652,271051.6358634698
3877.789095435218,4798.215238141951,0.9024606212790265,6206.527800121778,212944.49206554022
4477.255528434589,5198.578533955476,0.5641303419714212,2495.14562066194,89960.01464506508
5105.954514300103,4545.245706444827,0.5658975256911841,4297.979560595903,149931.41033850695
3799.3216661343695,4591.437969257057,0.9099478307457425,2651.013249537701,94350.82384029776
5334.76380006149,5134.207655352417,0.8506906014597331,108.41347358479837,11591.191093371712
3561.274758483513,5194.733923073788,0.6431957587430552,4923.22214034403,170012.07751876465
4310.876658433734,4500.78267105736,0.8778256306631602,3960.002963401254,138267.83242871278
5421.219705325024,4237.7683812422265,0.7459895830851211,5136.819756041713,178062.03149485213
5271.963035422177,4630.4900058638505,0.8017073429494723,1990.004796334579,73625.29981239802
5365.556687138036,4539.473579336826,0.6847257048048708,3464.313678647183,122558.3543318521
4197.6751368491205,3836.276649072558,0.5310008959302035,3392.2869244264807,118239.41047993583
3531.964165075543,4448.059883442896,0.8559469184329775,4918.2149988996935,169363.09835514668
4689.334827713534,4475.102848183035,0.8405335358003208,6853.023571999449,234836.5227674936
3691.8975085119987,3687.86508924721,0.7046945099143009,2326.760454520007,82370.57976005248
3532.643956953971,4949.264635092426,0.9107047246102444,3506.0915139432873,122900.38428968353
4416.6895647158935,4180.961119732568,0.5080870587306981,8392.491719169408,285157.66858371056
4838.969051886504,5458.0731752239835,0.8601127323151383,7552.773428571211,259212.08729328198
4831.415771061001,5008.019236959166,0.5044785851444975,1386.9294484667116,53155.3228793505
4414.926552266826,4124.25077081004,0.63463770263949,913.1810203418511,36322.31082669457
4580.769907164837,4861.972848375614,0.5228140997403559,5092.713277443675,176143.73956798046
4135.897743352952,3636.7368988782737,0.7405752008307951,2574.319104361284,91014.3893090342
4397.497253300525,4804.932294729714,0.5507911920821938,6799.794799773097,232768.20653414266
4786.793279407509,3660.0915061639166,0.7407132443757505,3549.6796361509664,124101.29195915716
4186.667780803348,4568.1163376265895,0.4640417905659655,5111.668823289444,176065.0285752518
4605.550932266135,3917.454749189801,0.601550989743113,6441.957173289032,220275.12145164813
4620.1791984523115,3548.020183013235,0.9107367180613297,4905.61952730603,169167.78441730692
5264.629557916834,4734.990172816658,0.5758216423295649,6115.8469517094,210771.24477436938
5120.820889308352,3744.645731132935,0.5437427019747672,8826.99553515296,299901.43446117215
4999.517414304073,5077.464842096337,0.4516338988169825,2264.043516693121,82507.36239699721
5373.31141269757,5134.79028042538,0.5891787646959379,6549.0610870195205,225681.78310936323
5421.508050876795,3833.0701903174954,0.7575687860576399,4622.55780349425,160579.00255979324
5085.881949535159,3792.049335797393,0.4823173869771322,1610.6381945245082,59666.56299994035
3620.2697256212045,3751.155382631845,0.5368576677378615,6447.254480863257,219307.32268596865
3999.452709426394,4122.545863160231,0.9119823129565469,4011.1630417687797,139365.99793721398
3766.040046166032,3775.35717702767,0.8724398746075431,2360.344965901979,83834.58177286839
3675.935869450459,5024.682108817907,0.7168528665097038,5723.356546117435,196673.9128713693
5045.851475403237,5209.885705596811,0.6770497850777997,3775.8022444361645,133251.50946383752
4200.151456218489,5370.880815188855,0.6905878499700705,3241.7496202121006,114861.2455104086
4583.963459031562,5339.490553292393,0.49649734590483213,7290.0222100816745,249696.96359185834
5301.2343696814005,5310.162495183118,0.5004352038530672,5622.777894539572,194848.4162480507
4677.633255269593,3809.654439587032,0.7707508822757871,357.17452794431824,17922.480513993083
3763.333525110618,4110.018633619665,0.6541082174299506,5141.765476190792,176464.55752752346
5271.538491137851,4937.87428905161,0.7286635649404721,1167.8186135724231,46465.04295559981
5039.515614405212,5113.360572408547,0.49855996274621356,2580.239588249952,93156.30527840929
5437.426890410339,3751.754161129155,0.8412516907530061,2745.153111013617,98130.53907770857
4344.915772269515,5004.921369316995,0.4895414820403203,4229.502003579188,147291.4815592136
4702.602276489744,3555.220632446755,0.864517463528639,1055.8657748461733,41068.99587552578
5062.452661871048,5335.339097547131,0.7822437716164006,994.384853865443,40935.820772493484
3522.5739308576003,5292.827180838975,0.5696848318803494,980.1801487907193,38749.96510050068
3751.9169628924296,4014.182517174204,0.8033228830688383,1185.563672694021,44866.51964342843
5386.5368630631165,3788.309107957028,0.7740945867783927,6853.268684894555,234766.96116895133
5296.740878741729,3706.459155160967,0.5389599130932613,5711.875499912687,196344.90513074188
5327.577834420963,3659.2388493961057,0.6408919026780895,4598.954993783615,159407.33878651328
4799.646391264998,4508.7027443966335,0.8182064645225348,4820.368836952098,167293.13017876926
4326.335139765016,5255.937036054072,0.5291803009122176,2160.2520389715733,78687.65223940606
5248.911744028728,4653.594872925343,0.6070321777148691,3632.794097666012,128074.90378132983
3766.0735202921464,5492.944575649379,0.5528045360587664,3136.649076755521,110916.10011305535
4722.145194889231,4446.262975018279,0.5641357116785195,687.0634763096539,29301.979160063995
3681.597052928765,4820.454987204622,0.4834905881318546,6893.902578023547,235173.89997235147
4538.725478098479,3506.8796358265536,0.5250159936254044,4600.288946842374,158443.35545453525
4928.539885842916,4913.231369947589,0.5270455159166039,5024.331589199918,174243.15470842997
4854.141565812413,4544.551830216429,0.6671226371959939,8129.006952983544,277320.33971777966
5352.204837966836,5171.872299776699,0.6110816369774692,2752.058469019957,99350.10499310034
4931.861144938168,4242.4611598160145,0.6873088420770317,4482.266201651094,155760.2411985028
3700.4394823507205,3675.365532862262,0.8240028497401969,2782.3056667205146,97666.857381383
3596.0523211459954,4239.0512532440625,0.5560351729005,3740.8040206463816,129690.16511371228
4085.1495292574846,5236.242718541662,0.5683825301110117,5844.544737442176,201112.8328347366
5132.063440752009,4939.6818340601985,0.6750420343442318,2580.0238959437143,93276.59278046551
5409.798120438616,3922.866734337042,0.6187568219791064,4984.192081553232,172527.2506823485
4857.010195842618,5031.5252111383625,0.8255899810414872,939.3883555552322,38679.495867724625
4258.738446026232,5360.522610815636,0.6842586958782422,3052.89624172389,108613.09610494702
3885.932296291939,4525.96763243338,0.4936158346801531,7148.993602520799,243587.89347048488
5322.433600444877,4584.10383435036,0.7327820693932838,492.98901322335223,23724.37982879536
5444.534278073591,5206.636105709695,0.715041028178359,5602.5629823689105,194460.29126505973
4004.3625092355455,4159.934190377472,0.9163815890690077,2009.9762297170614,72806.94966403114
5060.930106092154,3603.1891790173804,0.552074084840632,2567.36073635438,91388.61417958868
5489.989142248246,4616.610775900088,0.6777194718880207,1664.6176634000174,62840.37385929218
4125.807591355363,3580.8082059136796,0.7338524308816932,1014.4217991384083,39027.897454254395
4160.841288404813,5328.844909491732,0.48669402280641405,983.542813414043,39390.42380188562
5214.204030337307,4286.819992135147,0.647703949023035,4740.600371038011,164615.16498104035
5473.124710357099,3704.9682233411413,0.872904312733787,8459.51976360892,288342.58862616005
4528.055898821426,5047.309881237577,0.8443884229896519,5835.750319349818,201373.29654523364
3928.6558616198167,3526.00893272602,0.6390114662945031,615.0387353036514,25391.196467499212
3679.8843180328995,4164.21405182757,0.6202343793452454,5060.085531221748,173680.37997789888
4180.441001905986,4212.738361739065,0.9193201293798995,3600.9843166697137,125975.23189843129
3955.9332229256224,4967.586403525733,0.7932982483521359,232.59427575374275,14223.903640843304
4226.526592886998,3641.5039868388317,0.7157251549570838,3476.676868191794,121106.46959764285
5261.15732598571,4758.752524628481,0.7865915298137545,6012.059309024227,207581.13927052688
4560.586798216427,5005.070906875586,0.5480772031059359,8470.93013977671,288723.3788233328
4624.874224925867,4323.318138474913,0.5111650595232025,3092.7812262897314,109102.01338083566
5251.6720555457905,4281.625010241738,0.6355813958026217,779.7455468131343,32804.93636937099
3643.8879845038414,4303.4767366730575,0.488445176084855,5757.412017338296,196833.57706070584
4390.543237397162,5195.685381893644,0.6129773801336713,364.71363129675456,19028.689356388735
4578.556811864563,5029.275317744588,0.7121784656552206,5198.452209417081,180038.7036873646
4214.7174738693375,4928.8461352593,0.6610400753560853,4466.09518479574,155173.20114436676
5319.372522037182,3855.1048848897726,0.77361838621494,333.73572163471874,17782.73363663302
3667.5081320625204,4790.047665194235,0.7255821475463294,4025.724802263381,139954.62068461158
4308.3463909282455,3635.6015322671897,0.46829915944380335,5913.46270950462,201990.25094952408
4239.363004743504,4919.147512021807,0.5809391865716553,1844.2237569313133,67832.32389670123
4133.646089096334,4880.202780673098,0.46295516509550083,8378.184045393988,285024.7459305973
3986.0112805776625,3687.6831529936394,0.7708286939620719,2348.190384614545,83432.92148962278
4952.776885377609,4443.85775381982,0.45405711429213236,1746.5514489764953,64647.337564371344
3874.5466776452663,4715.151743372597,0.5062647322555973,4546.449975904043,157151.61450157268
3985.0364999994868,4962.428277104888,0.8919357507333219,7207.597289425655,246503.83076381075
4704.168691224926,4022.7439648111404,0.5209292401863034,947.1731863244586,37493.68480865244
5131.918907388244,4366.496731880983,0.4528136174944315,2544.3020667698556,91289.72210090997
4759.905241096491,4509.962892813573,0.638968377654715,4241.3665399469855,147778.77822571178
4512.735189411702,4589.400906604089,0.708290250300558,6401.3599797319475,219594.3842282095
5398.454635755274,5148.902122465606,0.9013870872824966,3209.7172266337952,114940.87610749686
4350.635312838728,5045.599901480133,0.7513461531729617,7277.163105562689,249072.5027838365
5135.308580190314,3662.9787850149955,0.6804175768220861,4880.6844886598965,168655.29158431716
5306.095530485953,4025.637688874056,0.8338666585056744,5190.960439732383,179659.79312108638
5367.841963023327,4372.413026872871,0.6952948292987154,8237.232210320773,281268.76631782216
4938.749376133341,4386.9582520021495,0.5559458854028978,6686.715242352446,229118.4504488286
5443.086412136533,4416.644311627615,0.6947233133876849,6564.73502200703,225715.15725096574
5087.402516015214,5318.339225063009,0.7373839189903777,5752.924876242677,199264.9146771398
4943.938077069894,4195.6983918044,0.47599561706581583,6407.25094056232,219549.24795340962
5382.015265064347,4319.262341346325,0.7986897185295471,3428.247422661895,121298.42831396282
4314.158362636063,3595.2052439640925,0.7093424638231874,4807.761478100235,165438.00204975737
3985.6015175844473,4708.200731002382,0.5628639744056751,7119.929937467198,242964.71474087637
4175.884611520842,5232.380267985351,0.627930263759349,3774.9875971111255,132382.99362476004
4806.694431542931,3696.1580810270757,0.9153805281725509,5816.666749918531,199806.97197573926
4234.163192236095,4052.454192250622,0.7756088450599761,7144.860805033407,243654.69923884122
4669.72887484247,4064.631656165694,0.7113720565217686,2417.1267857855305,86645.84769952332
4418.09211169001,4626.846362203426,0.7693511028366768,3867.5914074842103,135284.0169254141
4931.402514620391,4774.830594188363,0.5901597144590803,8454.059460737206,288337.5688732545
4487.078151115951,3879.177536020486,0.6830777293652814,5956.200280429855,204057.05646531977
4073.6836117785692,5068.870276705905,0.7293368760352417,2055.828578619526,75035.05179912997
4246.827053469305,5227.780565680381,0.5418587747493181,3639.0122753925784,127818.64950456344
4783.80550353089,5229.592113629589,0.8011171731809883,4470.395276823963,156289.24019435793
3657.301977296331,4996.423677100146,0.570478797421188,5743.377511089894,197126.17612133975
5052.1890904552765,4726.901724505694,0.786879527790846,7367.570298898166,252472.3108853464
5433.758895749088,4471.479346708844,0.8500240838408852,8857.920096626021,302260.7620923258
4001.8453185577723,4576.871240856346,0.6669681680583741,3020.5186051787114,106539.84091639164
3735.3137661803266,3920.667113197958,0.814586046180573,1173.4697967177694,44373.53957572552
3938.6319211419777,5242.503532450675,0.8739791900949725,1716.2004097650465,63938.049537656705
4488.55353928155,4127.733740109097,0.7405791564691949,4844.776982093546,167368.90601265198
4131.551903835229,3792.4468311351434,0.6327938607536749,403.9609166872377,18797.472677646554
4846.080717036069,4523.132836874033,0.8118958933297762,2261.9517767149478,82192.86099746915
4995.154474660968,3581.847730075926,0.45494825448067905,2439.7914280167706,86948.91156341355
5251.982869829226,4306.08299176623,0.6660725963625853,6389.995659608284,219585.02721439034
3925.3841573941295,4645.970500541857,0.8948596407864517,5120.758276000803,176699.73493549335
5150.44321250199,4452.937706776794,0.5486835135699228,3150.615647693582,111679.10598588434
4587.797835937968,5278.121430803049,0.7523467731095781,1645.0882173678851,62064.53590697782
4979.8049836721075,4340.321371800769,0.712404675391531,5893.864338025168,202906.8122374746
4680.799141959727,5141.214870160112,0.5993990329042101,2266.466034050848,82524.50897209118
4629.149196580678,4134.726666988133,0.4622831911267114,5150.903483953192,177370.49834596773
3996.4183961151953,3591.9563443482257,0.8514196412953954,4721.284790232577,162427.8996024241
4202.890789265538,4151.124472050059,0.6124539413457426,2571.7955928954643,91327.6106140296
4501.412062881242,4660.499467035732,0.5083943475371353,5174.378811901735,178582.07347608623
5218.282993623896,4145.1990518110615,0.5857050245191644,364.70099856819115,18774.070729712475
4809.427981556618,4299.771075266361,0.5656050708516225,1836.8478877248126,67514.03443675282
4971.19092238721,3740.055764102776,0.8106661369382807,3282.0991926889396,115522.9166076445
5121.604029168526,4330.2821414556865,0.7815094485738262,5069.933014447282,175686.4973223809
4705.559190580079,4671.400102177712,0.6961566032969929,4968.13216025431,172135.1580470387
3749.823603546743,5455.118545439394,0.5895046521543517,8336.070677724108,283956.085223231
5214.113921639744,5152.9642877351525,0.6506829025398753,5382.916542618226,186811.37226037553
3871.2160946733275,4559.17025191059,0.8011439856854713,3137.4555479969963,110450.32252902784
4521.930900853578,4700.728053922335,0.5019384613825032,7228.626534458963,247000.9931991325
3753.8622816872858,4176.130234474351,0.657253835795083,6440.225499345688,219737.20907609086
4476.541963993783,3531.258047530112,0.6461190593677407,459.879428192064,20747.665197983704
3706.472226153296,5012.986467768634,0.6232869458784283,3936.62292870285,137116.05816462185
3994.149961209222,4249.345042177863,0.6851072049088824,4595.992015383012,158681.006982811
4655.904374530994,5490.505499156389,0.8419900907584321,5779.415364439778,200030.72520663688
5423.9676630011745,4571.386940077757,0.768128892131317,5596.544848542455,193704.8656980721
4904.585802295802,4863.030390222455,0.7989810241990818,6685.462489929477,229775.82757284614
5018.977757945388,5121.170793851255,0.8057007186375265,8537.413109903704,291769.53311706294
5222.21464062714,3842.4866022412116,0.6169127900391741,6151.306956329864,211120.00331042064
4110.299740577094,4963.694550474668,0.7039085041634328,1012.0293673311038,40200.47584930384
4872.060121749486,5333.817610009104,0.5246238666549259,8038.5644175527095,274903.9126878042
4841.635699342702,4191.4608498745465,0.5241081089222225,7600.246620642861,259211.78118320383
5280.696573583253,5210.026507192594,0.9092988434494618,3843.776610450338,136001.53790475664
5093.669125458456,4640.228147104699,0.8909319035251226,3847.4295994165545,135392.21013561534
4421.987969002423,4280.633956125038,0.8234619726437622,721.5049199423992,30316.169422112365
3847.500456059574,3691.114561581068,0.5538408949393432,2385.6544515624687,84302.2894158685
3722.8916351926223,4659.533164868457,0.5003672640912401,4281.850399916717,148145.80700566442
5324.218367234618,4386.912049909912,0.6878221413222442,7620.209273730721,260697.5381048152
4231.5928148013845,5460.306552932742,0.62929136839913,465.0610699167393,22489.175374619714
4490.57331238759,5094.942735271219,0.7747382979943074,560.1335272004935,25718.348459921555
5117.402576867682,4626.935152523779,0.6662322917798618,5361.244837110916,185523.43761370733
5151.550345143585,3525.2940869684244,0.8412132108204782,7217.002296755146,246485.389090997
5351.055799251556,4855.387449329959,0.6911301217466193,5210.909632405625,180980.46143744877
5210.254457508016,5124.799084307764,0.7102474685159658,3834.971261400098,135331.4176092842
5316.357294703112,4617.174621315116,0.9105958829958374,8385.335252294688,286630.7780252491
3678.707684035024,4442.5493411195785,0.775138218157829,4810.1495083460695,165802.97145922823
4456.27184213976,5400.485141137232,0.4656722811348501,8066.880046396682,275455.5408244769
3626.746384658608,5157.8933577608095,0.8732894039485357,5707.004421347537,196391.3137218096
4669.722931325388,4134.042837782799,0.6533967318417404,8817.623137121358,299666.0845530254
4740.5552950125175,4354.438495652337,0.459378331470364,2674.104734260531,95243.67075809879
3712.101318987466,3851.5325673686693,0.575179516097946,4233.764390557067,145861.81536678024
4894.277188659986,5144.060018677988,0.7268636316436203,4957.541772870652,172438.03802768173
5015.21480889192,4501.605949590366,0.4703740934893767,6652.32097036208,228053.03569411332
4438.724388964616,4538.320415135148,0.6314649998896003,7435.8772872130585,253819.6406695228
4593.929452425774,4886.906381876014,0.6968121475759878,7005.303309084143,240036.97138259833
5418.713410776083,5381.963394623478,0.7294684640115772,4842.055234204526,169306.74152135657
4898.83275783581,3745.4572003630346,0.6142319892690407,3523.745357218319,123275.16648516564
5060.896321287154,4708.58113761946,0.7789514557438916,8969.566260250665,305771.8801888159
4014.1755826968924,4618.31608587344,0.6547360009640715,7073.493174989408,241467.9759529575
4448.147235272098,5448.6784847681365,0.7976390616516715,1968.2012546611743,72902.20968857706
3687.053893282331,4931.839333085703,0.6374024923040499,4266.083354439031,148003.24123958108
4953.920444820633,3608.3265188168334,0.50480197319586,8397.921814977095,285292.9325912097
4093.3562260299955,3717.7854395668246,0.8757498942271391,7997.71796832287,271710.7106882719
4545.114451623889,3629.129760080463,0.6550281693289913,2423.647984355031,86271.88952022852
4752.5418241733705,3648.3280659195034,0.5057585065501247,7026.298056387413,239494.5706415808
3754.0581231083966,5479.758715169922,0.8129953346244128,5869.53581817567,202151.48406909613
4891.878941244517,5092.137278977649,0.8631109428787666,2080.551190528283,76792.9217707221
3564.3133877237533,5364.508695695546,0.8253647433484539,8703.925867921367,296216.48668200884
4226.883042331259,3791.679871579708,0.7287130842883123,3458.6182416310394,120661.9309719206
3945.727500715227,3894.7271335927526,0.4959584921395424,3358.429745652463,116893.67095707322
4207.074004208993,4971.8710152384865,0.8027378842752815,6545.955299674229,224593.60879929853
4676.307483815677,4883.630832722163,0.830000987417864,8422.306837097029,287425.56680937996
5107.72948652309,4475.605277539857,0.5028005719959184,4085.4488691830456,142720.98326785187
5065.5760138005235,5054.908657409273,0.8010594823312228,5211.35882765941,181046.6307508779
5256.900202137265,3700.5042597794736,0.7804366568061445,5852.075842608394,201249.6650858104
5388.27753622807,4235.126842089746,0.6472470994053725,5452.409438265436,188417.623952665
4973.905204496852,5297.71103881781,0.6269500571691013,2347.2821474949365,85665.20909839326
3881.6750103397253,3787.3044499535454,0.5738316802549206,8519.689655689104,288601.74790206266
4637.867369655567,4938.527220428442,0.4898787153325835,5285.935208391214,182661.28373892626
4887.789066019938,4964.105722861893,0.6142215335352204,4916.944767911026,170780.5063241792
5082.806255746417,4275.565116903794,0.472511022933703,8579.838443523837,292057.1811090604
4841.187260344857,5124.82423225802,0.7387762340718089,1914.4068070249039,71102.52010966158
5034.750761619672,4527.9566853330925,0.9139376119483882,3466.523131818708,122581.54188117739
4090.899206353202,5034.100386326403,0.8069728321344722,1216.3292324916592,47168.2411200074
4431.789223042809,3953.340445242098,0.47938216908423753,2032.9799459838623,73265.90638290133
3632.2179944566774,5191.951035552595,0.5145638420947586,1219.4704017054878,46656.65114638302
4378.879796177997,5442.343308677365,0.6699299579694846,8440.467322132767,288094.57122001593
3892.5977191621064,4417.6390742196345,0.638346786108231,2068.4731933117982,74569.5657986549
3785.3301574717657,3729.7638331871594,0.7366137931743955,5917.633059949972,202045.5186373576
5012.388953722626,4401.503429715476,0.8354928901946632,6939.991576499841,237954.89761229607
4101.014379764174,4354.7971928179195,0.8421865684953802,3893.0875501792602,135667.58350207243
5283.653999247688,3911.2057153304445,0.744938956172797,2652.879609187947,94955.1788065991
4140.089108055112,4894.46616307278,0.49642492723809517,7242.329908975689,247279.65333646355
4558.232000015724,5145.5608751174,0.5621040989505948,43.96490906019963,8402.361727498384
3776.809906494552,5418.192603056425,0.5930420956177781,5073.183183382345,175354.70608343632
4737.976884588398,4840.26657091186,0.830835755521584,5400.187913084048,186860.44495905782
3652.6706527105434,4027.344921032339,0.5832449402217069,7552.145500166884,256424.7115871279
4870.510672624947,5047.011344294841,0.5382485195013209,990.6821163710622,40079.80472619524
3771.6220580548584,4086.5959512134323,0.5868119483764945,3442.6764620606073,119822.55168921295
4901.334034261385,5056.1182203706185,0.7762802279021388,6149.025626650262,212074.46935560732
3601.5639612961418,5256.050376702523,0.7595451446054604,712.0918628818142,30086.90691085531
5063.554608073886,4093.944540338642,0.7510208963378902,4295.8550476826695,149612.18723145255
5452.490957638501,5058.361439591183,0.8413650391332443,3136.1586622897016,112387.48848108212
5190.723129650354,4311.614047606685,0.7809784155530637,5468.781529329395,189007.11361101907
4283.869166059425,5002.105247691514,0.48261550571634426,4661.891746234144,161615.13795154818
4310.373084355268,4054.1508411595973,0.46063844248394004,4855.222845515533,167156.85939629842
4958.011139208373,3982.908022484075,0.728624728136311,4584.46419239088,158989.34617932595
3664.7604831727585,3713.931471944009,0.7620090934083503,681.2742918938852,27671.365343320886
3845.330436511778,3708.6166896854743,0.47853537404764623,5785.690674023855,197389.7422970644
5300.89728532442,4707.755876319428,0.7516696686161383,5109.890870176065,177503.11597520107
4624.818379999608,3587.31834925926,0.82090455437767,6100.071939637716,208858.8059681538
4656.6607861637185,4963.428643770942,0.4949200966234091,1314.295577668493,50523.056734071346
3678.938037051558,5240.7696785697735,0.4845104031000329,591.7655739000862,25819.35220256074
4895.507739651344,3971.356767509831,0.769432004861025,778.6619705910897,32303.010304224714
4748.264356274125,3878.4539359730293,0.5462497123550243,2531.905403446377,90171.25951193216
4980.439240005117,4102.707599251975,0.5068332286452002,6293.79636256696,215755.32364931912
4174.4125263489495,5259.504985533619,0.7163459779924681,6099.137608320947,209862.60208506434
4315.851015440373,4659.698032407158,0.6378363900583905,6439.521382076338,220666.76657892586
5490.0409961109035,4891.530198731151,0.8533020563984137,7827.213981277166,268407.8559116119
5341.859713051582,5493.252314715434,0.8362118688480685,5522.341167677571,192105.82993553154
3993.5933704474533,4250.142785381857,0.7245327358556392,8270.757136017297,281031.1215973176
5490.827796541741,5201.61195711262,0.8150664406166128,7537.2365322618,259004.63259209564
3662.444275659625,4675.342539971881,0.7227301511940059,3733.3831226931843,130108.99294370535
4705.679380955287,4946.762822854813,0.7350399294354977,2250.170627813817,81980.11047101479
4830.065552639175,3727.969230493668,0.9121435519744809,7377.231743364666,251793.71626407644
5040.605064062897,4656.144346607283,0.5253089521524257,5694.061430199703,196392.90934908125
5265.186072945078,3573.721333729255,0.847760714523301,3806.399796748901,133131.53110181238
4224.658978404713,4965.918159115101,0.5842101131687706,5100.464990104969,176241.37478098948
4645.860811342256,4319.458138722789,0.5609420973899402,4661.038755086285,161370.74444042597
4047.146730002857,5427.90299311116,0.6829021977588634,4592.124560125201,159707.8355602403
4038.363156608719,3526.8239584260145,0.748165730991873,7279.7321583520015,247436.0450925023
3512.8323859455763,3610.670517884098,0.9157645094222739,7691.245090241769,260919.14205711798
5038.6106221654845,5224.023438180015,0.8327543596785052,476.9950914891858,23647.949861386965
4085.55718107043,5124.379136507617,0.7079683363454905,2264.7762748560035,82027.6240149087
4560.583636278338,3669.989647505451,0.4921830376014475,8232.660387596525,279471.993608382
5328.836188074341,4847.548836906015,0.6959371998114522,1688.9060194678461,63738.16882653771
3991.0721105148277,3698.8000059937444,0.6137230198503002,4514.4629897624545,155363.51104498812
3669.7110819873988,4689.01452363202,0.8002284855746297,204.1941367475502,12759.55165840682
5301.490761303364,4457.848060608728,0.7694195132864008,5367.470000193493,185861.95956443553
4732.601680583083,3825.368267913289,0.7702433533565249,7618.796211822014,259670.13076042596
4067.37683956893,3884.1053658589017,0.4603740209854134,6878.83866956237,234121.6569922392
4387.919495670049,4706.440250951024,0.6910991194559373,8592.004308926114,292478.56588611193
5282.393675742608,4608.623767762948,0.5833979150689999,1791.9039076683846,66767.31308739986
3711.422137686558,4453.875081342812,0.6315791258350263,4898.209833361195,168608.00259786544
4164.137421324626,5423.175023344958,0.8946955476031009,7616.2239177221245,260706.3340383794
4048.263502960037,5470.712296822881,0.9185130330145342,5507.499635457488,190488.77911328198
3812.2625980941093,3675.4308121724457,0.6442459945873935,7463.1969264281115,253351.61940320645
4313.440839694023,4393.962245731162,0.5480599111316814,4227.367259706338,146684.51654074166
5061.501929885823,4598.035376242564,0.6126381680750228,6757.054395048662,231837.7499288881
4091.9953351624736,4017.7663593003545,0.9133239854429256,7896.388823882048,268663.4252715087
4340.135704733638,3525.6426885277015,0.9067084273045329,1009.7586383852679,39220.22459670425
4678.825507089556,4486.968320243605,0.7127455619755876,8750.346060201997,297836.46405669267
4624.861134338029,4432.070098869964,0.45969366324258176,3006.8836980775127,106285.63937958007
3746.1462480891996,4399.8222564720745,0.7794513217941035,2652.4036699804224,94015.85603790119
5458.835861912834,5149.594033169127,0.9164009892927931,7764.379801344392,266603.8796433276
5240.872125126314,5176.736819867422,0.7660428993991943,1355.7733367745122,52960.706629914224
4215.482946633643,4393.6278749355015,0.7312538222336332,7481.30227117643,255104.4839107829
4337.955608290599,4864.492427507868,0.9032530482109629,1392.6092666499499,53216.25201969655
4343.806828031317,3820.056103560419,0.8632112106773518,5226.248289257833,179784.13455575024
4884.094145320058,4021.9623650946137,0.6073319066046945,743.9669573375346,30996.82806488282
4330.588332550871,4963.4380430097735,0.6946299375676868,3402.388262082977,119949.7770607295
5291.570432422015,5197.241894860032,0.5219207559255317,5000.222230017463,174037.9830248751
5179.780712980482,3996.2073780552955,0.8776114385487921,1514.1790787522095,57195.05454978543
5373.701331650435,5241.006345662578,0.6225376670962564,4477.040880283359,156859.61843570558
5309.582005297879,4504.873271923932,0.5222127372031018,8840.220714686782,301206.92248981085
5452.3603850394875,4175.022479904093,0.8662199852233404,5239.185011519354,181578.4153072591
4724.362579305014,3742.782055874677,0.514405738673023,8559.545492660618,290597.3051410587
4522.556018732967,5220.1855504473315,0.8936691008071452,952.3262554775476,39057.07087670733
5283.76980872928,4162.046150236147,0.7062432702973447,6824.818167957223,233997.3552102683
3587.6030267634997,3784.4353733343582,0.6808097243408588,5539.77442803795,189273.09584331745
4264.886900306827,4315.537032738961,0.7480865508890351,431.1469490195616,20452.067557759277
4909.796594795324,3666.158002389121,0.9160896530542636,2875.79582733157,101996.53891109339
5345.273182029062,3766.549011622099,0.7256421893781515,7054.481703068441,241348.52180053722
4156.800735327364,5215.224357754624,0.6695716282066715,2464.2066532346835,88771.94597590859
3787.9702969429813,4061.6888212288322,0.4736567940929382,4633.897625340186,159329.1689915635
3820.456177603218,3849.1360703935597,0.4815529456055545,8360.359453856872,283193.1600834691
4218.8386328335755,3982.3471552203973,0.7390631104862546,8828.810822732486,299577.7854065658
5461.909743259531,4030.2244021548,0.5504117635242949,128.95277035484526,11004.245886345889
4521.03196609326,3590.956720575148,0.8174821741222971,1262.3304523584916,47751.452028743675
4724.800730436768,3978.9902269352706,0.8304230763923843,2658.3535625583995,94783.14987433777
4344.05002485569,3944.193523677451,0.6634619516073393,3916.332662580584,136071.92361214553
3776.7201621245154,4072.6200402777717,0.6646132586785068,3250.2930532098435,113501.7718710713
4080.7597408985266,5156.141554663016,0.8855068579650551,282.7045578038886,16292.017264333526
3857.0335245155115,4931.4177700379305,0.4607827578195929,3957.9013304861555,137697.9125916269
4368.795393381638,4029.14585960478,0.7536584746782415,3827.459092500866,133321.84395000193
4019.607776863216,5055.488802957271,0.8641759486378074,6945.594579726776,237871.17414925504
4462.046895775537,5069.654930839058,0.7683684739018793,4957.474674623614,172013.74530626592
5466.220360744526,4909.64015899449,0.5327696478426098,3643.8003101439695,128796.99098006844
3661.1958905774495,5124.36463653003,0.5414429402550728,3138.4812463118187,110519.97231661476
4290.633282531246,4215.431421057237,0.465460917183065,8293.5713362426,281731.4044248868
5199.528210612754,4155.23903553957,0.5089358013198233,1381.5974017358951,52521.377607044335
4067.0904733882753,3643.7670699603023,0.7240681730777492,1833.110850501654,66269.05639903036
3854.171255659009,4079.4724488719726,0.9102377745835636,5057.438338650279,174011.20336767644
4180.196867739189,4410.304116708999,0.45284668885142165,8518.35347275759,289279.286729751
4458.274238773299,5079.034798607458,0.7674650255496557,2499.590603661839,90214.46505151878
4527.943470902465,4565.845245587856,0.7896242973321582,6150.25484202997,211323.5962013786
4770.352036678287,3973.8462503865803,0.4885881447757491,3538.8572447888623,123727.95488369951
5379.21629237068,3986.8595857747714,0.775212649118838,8256.649046818593,281655.5517571339
4650.641152824307,5245.860485996145,0.8060950174342447,3038.493415945716,108530.02693013713
4876.968261982825,3588.3227586295848,0.6938246622165254,3371.614123767386,118136.46610614826
3945.932771584163,4932.676031130036,0.5781666432241671,6283.50176344622,215318.96984564906
5120.644403911458,4996.772165270089,0.7057269291608284,1017.8856421507494,41364.10390701338
4185.185970237396,5322.193565215414,0.7218080212147394,6851.774154152032,234987.42277028842
5093.369004416189,3997.812193207185,0.805443536800788,3108.7109629164133,110101.8096925441
4114.067176183261,5072.743185404379,0.572756174473539,312.0451161130303,16857.244825573922
4494.725272297017,3958.1507115006093,0.5572132509442371,3092.2894217849534,108675.2526215523
5154.721560950415,4317.283266543035,0.5897581504233216,599.3465462413303,26691.59166562488
4675.679489754932,3547.242667654261,0.7715149571593702,5680.757396952682,194854.8188038285
4040.3824698068165,4162.311536478466,0.5735557007660963,7953.28737630464,270250.0575984812
5382.737771342159,4969.475313057892,0.4686184666602385,3036.493471155974,108488.86241123926
3753.129321553947,4805.334773471745,0.6574211818475836,4454.547050861034,154241.2770912534
4254.548935051108,4923.107719238725,0.5990242843852496,2309.559728025302,83358.4924829945
5194.931220667371,4456.444203016709,0.7721407938949603,5281.863401893625,182916.23613040426
3978.1343230290067,4811.487471154095,0.5866026208421738,4881.165874626702,168571.77496051448
5070.342040139616,5240.113045157645,0.49454428035220827,837.7670159219017,35306.261723424715
3726.074104032019,4650.010592516578,0.5892066932068314,6512.510788873941,222484.29404573838
3759.8306549848608,4732.389359765759,0.8663941461509516,1331.2875810064386,50473.038654189986
5170.73720477146,4583.902967281589,0.7296547455437059,1631.8159600751123,61482.723264284745
4379.059594763765,4895.68695976308,0.6446879219657365,4530.567323763146,157420.94769976052
3516.7787857113763,4590.417092463178,0.8644961959283981,4529.296632554766,156548.58147936233
3902.8401166471344,3708.333332082756,0.6571327226237537,8084.9410693982645,274174.49049663264
4788.542855221644,3917.17845372159,0.7905627836248691,8501.148798992965,289198.46175997076
4543.7767946505355,5081.192983808996,0.4874454688378113,8170.176845895424,278699.474770351
3771.288414651176,3555.1564288543177,0.829092461572434,5976.635302482294,203939.5174521331
4577.029939243733,5026.171269699256,0.4713261486752071,8038.330095383495,274271.42622672196
3738.9403582534947,5267.276159031169,0.7193092889957349,1443.9187897635677,54534.6427090497
4482.757441355731,3792.4992222848714,0.4781376133213702,8318.221294293362,282346.68167000613
5326.016085587301,5080.3311142888215,0.5861268910489,5330.359407319209,185022.25559233595
4126.4911550621055,3960.887815052831,0.8775138808515859,1161.2326678507425,44439.51348139453
4882.951299354736,4582.744714143115,0.811269315870492,7574.362621095559,259090.8631735859
3661.940214427637,3846.7305167780937,0.881961700767226,4881.712696423803,167732.60364853567
4937.9014371671265,4851.473049529388,0.765057390137518,8922.42941959812,304207.47327054717
4012.032737887008,5046.0991779724845,0.6370474271685438,411.77171352309915,20131.380045598493
4821.242727602831,4599.524049735544,0.6005784391095577,3315.9470850457533,117075.23346869797
4742.59349531,4269.973237547752,0.7794522577255981,4211.393017254639,146702.72166868427
4173.145556469863,5260.355160586906,0.8165212333865797,6842.100588337056,234706.2632423473
5305.99251220708,5047.998351733385,0.503008054654712,1768.8517849051455,66341.97752105612
5281.92094465176,4636.227710484844,0.7058582919441594,8758.527435431977,298799.44140811736
4707.475024096233,4064.4288658445626,0.5843662784830693,409.4262336252881,19712.25433177205
5139.151975210095,5472.206197413434,0.5008985826669424,2834.21556109814,102041.79461866074
4007.3319568933757,3535.0908361013458,0.7888781441534849,5392.258887438542,184642.897369156
3764.3893813598047,4844.799228612401,0.8452570633072627,3150.8833908596794,111118.28021606946
3603.973481615699,4374.240776812971,0.8856724460935308,1654.3650667890092,60766.82841823493
3766.5865883396077,5372.072415941927,0.6613193072389991,3892.8570272963184,136097.484480563
3897.1242863724838,3935.926249008289,0.8898002486297001,920.0226895401937,36189.884315772506
5130.586717707567,5161.13532440774,0.804054832621104,1146.6606093255396,45928.2098086711
4019.258110132443,4049.235611976872,0.9020300742113568,7659.089864610811,260714.5802516219
4047.601940564841,4554.163334844501,0.5674868845211252,3910.839649599517,136077.13368330128
4649.815874854512,5113.082725492516,0.8775090836822111,8146.978864440521,278509.00327651965
4207.0283795145215,4831.425395433048,0.5291091791785427,6131.529095042784,210350.16285914782
5026.048323648982,4043.9571636325454,0.5659397961826008,7546.493472303104,257503.4556406157
4030.2891697590485,4817.127661806793,0.4928273517299883,5153.591411964519,177583.2513902986
4474.544135255362,4576.0846907820915,0.5851849287570545,513.8633811777672,23455.08314177258
5371.871481753272,4648.424707227877,0.4899010855631679,384.95935689731937,19952.891019777482
5051.755312659054,4090.856137293578,0.6065593422038624,3099.2051224928287,109603.22360119132
4864.731087297362,5428.953710978666,0.7678109881338624,4592.424277838032,160574.38152648605
3562.178114730196,4788.106882729437,0.7827630950163557,746.4495292119642,30780.37858970671
3744.8917356685297,5171.7423257097835,0.8390031526284709,8903.271674008349,302852.76770290406
4742.817552109601,5034.00486878045,0.5262522005149395,7254.44563503536,248406.97911138725
5011.067402329898,4156.61894863446,0.6311011936557658,2679.142341296855,95675.43784580831
4321.6279555599385,4547.400728860285,0.5190171774112095,6118.519944672411,209744.36419461854
4300.573995790703,3692.6967745811944,0.7882154523265509,6900.8217338894465,235270.39533350532
5415.386052943385,4235.344767526209,0.6153812375530415,3323.077080897346,117537.06203544393
5109.808336799801,4754.959006828719,0.6313766932385354,596.0442357472647,27000.314666617363
4152.996072415708,5171.714989642073,0.7720688176120923,2874.3779003138416,102498.02027790683
3602.3595431378453,4866.819921092385,0.8579523160772002,5055.817408407425,174404.26633233036
5045.226607211202,5321.3903291466495,0.8816260548152328,5197.64010376238,180915.95147641088
3808.4762246372866,4114.204756245764,0.5799678861343498,3879.128565355149,134400.8151924868
4168.7256200457,4288.334571325724,0.8738713139911292,7981.0172379997175,271759.66994237615
4039.742398756977,3670.9920242749745,0.6342208039923569,2108.614014252595,75334.36347256355
3847.1191840581437,4200.029822052712,0.8042720891581694,6834.8740315459745,233151.67109778157
3660.901907014364,5131.935576410479,0.7670296180094852,4251.134248964906,147820.74204834554
5298.619753156734,3549.511689330384,0.5071663809134801,2176.170518601441,78486.25849787651
3655.327065057336,4475.872258583224,0.781150920475336,6073.13812339342,207854.60629463903
3650.050003375192,3502.58346189987,0.5804103312981561,7193.686395170125,243994.7357680323
4539.976642482072,4346.615093464922,0.6980020693269324,7537.898307749365,257205.71777187826
4330.744906076646,4542.691676441287,0.46248366372276883,214.21693172098728,13174.99011990341
4243.695841720653,5192.371067607803,0.9082104598134051,8227.490020237088,280923.0299265781
3624.1912600628757,3607.0573706167797,0.8607629057759195,5893.644813421433,201126.73651018893
5248.194971721296,4409.036466566787,0.512930108323521,963.2781216698559,38887.45440385701
3503.7446782815164,3967.126993578182,0.8488983340216231,4157.027479737059,143541.9971491286
5279.912317045693,3607.456900245124,0.5744984208444336,2391.200642997963,85758.38008059139
5419.744189001078,4786.027332685693,0.7856855492531319,464.3180648333248,23111.875676548156
4916.418216774225,4851.679700139002,0.6501045410916694,1635.6466847055897,61534.2419619118
5018.738056508913,5022.342383212776,0.8066194749895148,4887.72382688593,170207.95172856573
3842.2244495398945,4206.9304458086635,0.7518790816968012,275.2880502214407,14775.607351689576
5039.848247981738,5160.614179313792,0.709031938120565,6825.005582486728,234720.71481966553
4246.382221634033,5196.3170884326355,0.7219598781270969,2361.1464480189425,85468.13247473855
3636.3449188204527,3501.4486968908354,0.7995234092497657,5992.027236451447,204241.85063294886
4628.088849498234,5378.552558968915,0.467120465005634,4770.433661608797,165882.85599391302
4973.679631121409,5373.9325362822165,0.7385745061496103,7321.093582503506,251405.49796287713
4590.8901613416865,3912.497382976519,0.5480869284618582,1463.0444251219128,54485.823977741384
5287.368446253579,4074.22475361766,0.899092177833097,5441.571775847455,188105.0189673933
4250.638374663574,4665.9307131303685,0.6456055931503061,5812.030693495309,199736.8701499691
4017.8578932743194,3595.4757150109767,0.8133795971240488,8736.131128800876,296029.4713463958
4380.230107234454,4456.888087241352,0.6620845369652376,4503.521822833245,156129.39204945232
4667.633885507677,4969.358623232471,0.8953022962987991,5680.929272581622,196335.41846594855
4024.2609363906486,4802.991381960288,0.7864039135188846,7737.615493657232,263907.65228556737
4040.7392372439704,4104.552954935249,0.5611909517229141,7869.41856196345,267390.4460482063
4768.036361723831,3647.0574703874786,0.7379708141830215,7574.4636431017225,258022.01016036363
3901.354603268319,4269.748835180552,0.8437280244730212,5752.704597012532,197296.54242417845
4614.163451854178,3803.5799303240315,0.6078185483916682,2258.2338608252917,80939.96792017909
5176.563605436965,4030.480210896289,0.5033141027395003,647.0556644005673,27929.200703462982
5187.6404402791595,5204.204551362308,0.9121788780194724,3726.793866754995,132019.61716964262
3802.935209920887,4013.104132219821,0.6495302648080598,3567.229792268108,124000.69197983967
3551.439816495792,4160.1752368512125,0.4616890054194704,6876.031229800175,233811.8906583233
5384.52235834386,5313.711710321082,0.4929277743312554,6807.870068915204,234362.34193079994
5119.8458042130005,4145.565414726929,0.8259019688712514,2062.682534349414,75475.2134717702
3545.5285582435304,3925.7427078665196,0.5026550835060601,6293.45453358743,214244.0119110761
4622.307743981572,3741.6141213497076,0.6675210485861994,7285.276774545392,248269.48046547367
4824.298488129012,5294.784702729113,0.5104174787414284,4093.384232573838,143502.35170073024
3869.365226502451,3892.1803300466936,0.5704317803701129,4154.970923954886,143417.80136305827
5308.502080989764,3542.4273118456954,0.4537619727711407,340.58239087918963,17334.326396418845
4885.295797401633,4392.056905055393,0.8799280197760602,3209.989360073577,113737.5965114401
5392.204228166541,4201.963662032557,0.8746749678080843,4245.089081037009,148472.18423946662
4593.691370002958,5031.006095779654,0.9147805273394876,3550.3022513339783,125435.78290953836
5382.432353855539,4886.838733527707,0.7036804207061345,1420.3124187869182,54894.37558906787
5475.309301889149,3510.233576159868,0.8920618601774369,4480.699726273633,155759.88297438572
5378.1865737859325,4926.267494406472,0.7620569598979934,819.8054172911875,35009.15941341724
4702.570273198361,5271.227715505202,0.5315204520250901,2117.1727217676166,77619.40962719981
5397.772139055218,4426.581429020707,0.5947038548219745,5290.211565869319,183147.35677067202
3989.8035417515503,4363.995535086609,0.8074365479013192,2103.788468582458,75981.05197599815
4561.987629429093,4312.081838384394,0.747554328260533,2343.7453824455915,84378.67845095127
4292.587577236999,4672.171206411536,0.7695444559847568,6582.289888239201,225561.6708219658
3977.5145257999957,3711.6169081561397,0.6648177735189977,5156.029027557661,176775.1074625614
4273.100203471444,3619.100526926571,0.7109516317125544,4588.1357346488285,158114.6230691273
3514.5552122167383,4326.100960906554,0.6224713024161532,6069.369668537068,207273.5752810729
4679.312373300199,4956.460075594177,0.6766034709842798,488.44297174900106,23262.597218084233
3936.320225928587,3990.632648305567,0.8380626655628536,476.1822293274747,21445.63759121118
4777.076039241758,4712.736449358071,0.7963455918218918,976.9164242054359,39520.922790795776
3952.270252196144,5497.91821495954,0.5155232094005727,3200.4610766373726,113173.481185518
5451.980506495176,5305.697189602027,0.7548089223511488,7508.381778626117,258036.21388446348
4964.4059998906,4005.83937821734,0.8413232959805068,7026.962271304859,240439.62316595562
5368.696795922367,5306.270879434935,0.5394134848839757,2644.536419194168,95830.30647648213
4635.242239361693,4896.612898342104,0.7228100318533175,5909.933363247578,203658.12230298854
5236.540762199922,3618.345889371417,0.8643065537785886,2845.4448093614574,101183.7042241725
4772.1625917036845,4682.597846992496,0.8414330637066416,7845.269132532918,268133.717069947
5142.188232501443,4938.814667959701,0.5859838980177112,3721.3556411229083,131167.7464318686
3626.495648545544,4150.372225847108,0.6135220573668788,205.70658884029626,12046.059869680023
4374.683173019122,3903.006739619144,0.8041264395711053,7283.913182343591,248305.51465483708
5357.822608398907,4909.357156457914,0.917428156081876,1041.6213199850308,42537.53690521963
4988.3034812588485,3893.44255321442,0.4611861235954834,2253.15999684469,81031.62438413854
4786.4320238396285,4890.461913716899,0.7939346784649588,1083.5217577033816,43241.71094165403
4955.661341468656,4336.909595609195,0.48845639816649017,8487.725313709965,288950.0847216973
5377.785600964263,5101.381346093926,0.6221672965981833,7897.262902768799,270563.9624884815
4977.162868422583,3717.8788085617985,0.7738857514577763,2695.007286551148,95925.00769919215
4185.915567511063,3928.2497143004784,0.7892775312434224,2715.614019040918,96094.48528336814
4643.572996356813,4836.734738711433,0.5859140937401783,156.73126848079534,11971.33709012591
5118.532213636734,4283.640407662892,0.7710865945321422,7890.154916210821,269491.0023950825
3713.700974724427,5030.142709330166,0.7858616709163313,1198.5871802248757,46200.226205924155
3801.0299408798433,3914.519845621836,0.5118462578550277,2791.9726801891165,97943.8490459223
3593.2050282122937,3974.0024167057873,0.5051429330427832,2682.176416355587,94145.39516239197
4819.48416969989,5436.254468644122,0.8068377695117053,5058.727692820963,176104.29874289568
4442.164618307718,5019.087168712811,0.671182657933183,7768.658612271606,265397.08504816
5480.238791404081,3769.2395024661664,0.5769932908947192,2150.8492785249764,78099.55320172741
3946.100105758529,4999.47693527105,0.5480063026162914,1778.1856826759004,65400.07072365024
5450.362655993307,3981.2925731431774,0.6118795737702661,8300.771502114578,282994.5951577763
3604.3667719924915,5041.096302284627,0.8570875479884744,8819.423061378595,299830.1782820886
3842.218069569053,4508.307446863468,0.7057400711446233,4493.598411553202,155400.0840835804
4369.5141423187515,4708.21688589996,0.795644109491255,260.46565720097107,15292.983089527059
4399.770247163121,4419.753520922751,0.8614317491219892,3801.210519642666,132969.68710703787
4532.227324842299,4313.42680822932,0.7494227195319825,7281.900367199132,248707.00000034657
4139.483464968134,5003.488787498504,0.7309578117245822,6444.432325836703,221098.5896780647
5175.8001757570455,4307.369228375235,0.6822578062372867,4519.509793701795,157280.4967972603
3545.5861710717063,4942.992691325129,0.8135817564170871,3397.9663138692467,119194.92930842114
4500.974038719987,5417.906673175497,0.5703112819301399,4865.581234535994,169088.76274690364
4471.061483489605,3512.352360666925,0.49092445619810715,5218.066052094294,178906.8428411073
4962.5218644041415,4094.344543506135,0.5075011740343364,701.5291616057924,29608.73983898979
3717.4854225834165,4692.242143411471,0.5574845173851607,2686.6187632776664,95144.95601425676
3563.4110894551736,3777.6241321373072,0.6783118983357532,4007.1273569083114,138231.70211873023
3843.390080323691,4574.344697360909,0.6348405358511902,3449.6951970107634,120637.58990093881
4181.398825363683,5005.4376515219565,0.5556264507471842,5421.360005887134,186885.31356576397
4702.41943867235,4854.376406203601,0.7162911745435416,8846.5964272724,301411.54559878417
4245.993444528195,4092.2811036537296,0.5559115015352643,4157.534703344234,144023.06884326597
5419.973189768187,3623.159116094459,0.47908156123563234,8105.724802148308,275983.5717877355
3830.0955947061098,4747.78392598702,0.691779687989919,8381.169586944898,284984.68861194176
4012.3208167773237,4801.994183758117,0.6001518223199839,665.1306976039963,28291.51862858658
5403.033395172044,3707.4483825579314,0.8785838356084187,1965.1802998736744,72141.29593044157
5289.18814175312,4317.283179300543,0.8358700759039044,5605.471731120742,193716.5807454411
4658.533057259581,4434.076254704401,0.6344110583886681,4263.760856707175,148353.53127131716
4635.03728600849,4694.069736035991,0.8796928795605348,1483.4762165551583,56327.85071244713
4920.812820669091,5209.739153237997,0.47077190467937097,8863.316429382989,302219.097312506
4460.745103098304,4511.169239147335,0.5864178377233586,7218.078982698426,246512.91965354848
5396.50951607179,5310.530750257008,0.8765879819611282,6052.563442233572,209678.3763699034
5238.998831459936,4241.71821638355,0.6756752093067517,1133.2503148535282,44567.50335424145
3519.020585959271,5203.687045096574,0.8723300188941381,178.11113978160506,12320.18458484752
5202.379276462474,5417.24037821558,0.87207369738757,8263.04077308268,283163.37799103215
5395.733283596674,4111.201274424766,0.7269764403223669,4003.3534839801077,140172.9071233556
3632.876504360346,3752.993253853146,0.6753929567709711,8974.149199748841,303582.4998544001
4903.758071822136,4411.949161507896,0.5087527671806207,6496.804844254076,222734.16720385812
3809.1737097547957,4091.7690885595007,0.8481014803211759,278.81828366651564,14866.196241985892
4759.074383346321,5208.5604600255565,0.7953919448800488,6364.228383847758,219270.85626697983
5159.642415407507,5334.922958640472,0.8962212284509811,4782.716559974382,167241.4834607431
3592.1170976859353,5210.064181898292,0.5870566170670825,863.5913915567799,34876.43157715952
4076.139440478978,5353.973173859199,0.462822268360707,4440.9340287666055,154377.17056835294
